Workbook

Sheet Front Page

Sheet Daily Traffic Distribution
A2: 0
D3: =+SUM(D4:AO4) -> 235090.65 | AK3: , | AQ3: =+AQ2 -> 0 | AR3: =+AR2 -> 0 | AS3: =+AS2 -> 0 | AT3: =+AT2 -> 0 | AU3: =+AU2 -> 0 | AV3: =+AV2 -> 0 | AW3: =+AW2 -> 0 | AX3: =+AX2 -> 0 | ... BF3: =+BF2 -> 0
B4: TOTAL | D4: =+SUM(D6:D36) -> 36039 | E4: =+SUM(E6:E36) -> 0 | F4: =+SUM(F6:F36) -> 11101 | G4: =+SUM(G6:G36) -> 1299 | H4: =+SUM(H6:H36) -> 6092 | I4: =+SUM(I6:I36) -> 6978 | J4: =+SUM(J6:J36) -> 0 | K4: =+SUM(K6:K36) -> 21113 | ... AO4: =+SUM(AO6:AO36) -> 0 | AQ4: =+SUM(AQ6:AQ36) -> 9297.7477 | AR4: =+SUM(AR6:AR36) -> #N/A | AS4: =+SUM(AS6:AS36) -> 0 | AT4: =+SUM(AT6:AT36) -> #N/A | AU4: =+SUM(AU6:AU36) -> 3380.2344 | AV4: =+SUM(AV6:AV36) -> 0 | AW4: =+SUM(AW6:AW36) -> 5255.1683 | AX4: =+SUM(AX6:AX36) -> 0 | ... BF4: =+SUM(BF6:BF36) -> 0
B5: Date | C5: Day | D5: LUA AMC | E5: CHAT LUA AMC | F5: DREAM TEAMS VOZ | G5: DREAM TEAMS ENG | H5: DREAM TEAMS WA | I5: CHAT DREAM TEAMS ES | J5: CHAT DREAM TEAMS ENG | K5: LUA AMC ING | L5: CHAT LUA AMC ING | M5: Equipajes AMC | N5: Equipajes AMC ING | O5: Ventas AMC | P5: WPP Ventas AMC | Q5: CHAT Ventas AMC | R5: CORPORATE PYME | S5: AGENCIAS TARGET ES | T5: AGENCIAS NDC ES | U5: AGENCIAS TARGET ENG | V5: AGENCIAS NDC ENG | W5: AGENCIAS PORTUGUES | X5: AGENCIAS CHAT CORPORATE | Y5: CHAT AGENCIAS ESP | Z5: CHAT AGENCIAS NDC ESP | AA5: CHAT AGENCIAS ENG | AB5: CHAT AGENCIAS NDC ENG | AC5: AGENCIAS CHAT PORTUGUES | AD5: WPP EQUIPAJES AMC | AE5: WPP EQUIPAJES AMC ING | AF5: RRSS AMC | AG5: RRSS AMC ING | AH5: TRAVEL SSC | AI5: HVC AMC | AJ5: CHAT HVC AMC | AK5: WPP LUA AMC | AL5: Soporte LUA AMC | AM5: CHAT HVC POR AMC | AN5: WPP HVC POR AMC | AO5: RRSS POR AMC | AQ5: BO LUA AMC | AR5: BO RECLAMOS AMC | AS5: BO LUA AMC ING | AT5: BO RECLAMOS AMC ING | AU5: BO_CORPORATE | AV5: BO AG PT | AW5: BO AGENCIAS TARGET | AX5: BO AGENCIAS TARGET ENG | AY5: EQUIPAJE BO | AZ5: EQUIPAJE BO ENG | BA5: Latam Travel AMC | BB5: BO AG LTRADE | BC5: HVC CASOS | BD5: DREAM TEAMS CASOS | BE5: DREAM TEAMS CASOS EN | BF5: HVC PILOTO
B6: 46266 | C6: =+TEXT(B6,"ddd") -> mar | D6: 1378.3716 | E6: 0 | F6: 456.66021 | G6: 53.891823 | H6: 252.14244 | I6: 278.69321 | J6: 0 | K6: 801.20689 | L6: 0 | M6: 149.27883 | N6: 29.448112 | O6: 423.59558 | P6: 292.13436 | Q6: 260.20825 | R6: 347.73717 | S6: 394.38299 | T6: 0 | U6: 225.79107 | V6: 0 | W6: 0 | X6: 113.20038 | Y6: 980.68995 | Z6: 0 | AA6: 0 | AB6: 0 | AC6: 0 | AD6: 630.9501 | AE6: 0 | AF6: 0 | AG6: 0 | AH6: 0 | AI6: 1046.158 | AJ6: 0 | AK6: 1071.1139 | AL6: 170.60496 | AM6: 0 | AN6: 0 | AO6: 0 | AQ6: 251.3109 | AR6: #N/A | AS6: 0 | AT6: #N/A | AU6: 93.797169 | AV6: 0 | AW6: 162.75806 | AX6: 0 | AY6: 100.98395 | AZ6: 0 | BA6: 3.5885742 | BB6: 1.4920981 | BC6: 0 | BD6: 443.89599 | BE6: 0 | BF6: 0
B7: =+B6+1 -> 46267 | C7: =+TEXT(B7,"ddd") -> mié | D7: 1342.9374 | E7: 0 | F7: 437.43847 | G7: 50.367917 | H7: 237.34571 | I7: 268.81951 | J7: 0 | K7: 768.96518 | L7: 0 | M7: 134.77018 | N7: 28.910048 | O7: 423.65924 | P7: 279.77843 | Q7: 261.57427 | R7: 333.91905 | S7: 386.4334 | T7: 0 | U7: 229.87197 | V7: 0 | W7: 0 | X7: 108.68331 | Y7: 967.68792 | Z7: 0 | AA7: 0 | AB7: 0 | AC7: 0 | AD7: 591.15712 | AE7: 0 | AF7: 0 | AG7: 0 | AH7: 0 | AI7: 1046.3229 | AJ7: 0 | AK7: 1038.6337 | AL7: 168.01062 | AM7: 0 | AN7: 0 | AO7: 0 | AQ7: 196.37605 | AR7: #N/A | AS7: 0 | AT7: #N/A | AU7: 68.687392 | AV7: 0 | AW7: 90.405564 | AX7: 0 | AY7: 94.227078 | AZ7: 0 | BA7: 3.1364747 | BB7: 0.82880055 | BC7: 0 | BD7: 342.76762 | BE7: 0 | BF7: 0
B8: =+B7+1 -> 46268 | C8: =+TEXT(B8,"ddd") -> jue | D8: 1351.0979 | E8: 0 | F8: 424.54619 | G8: 48.481142 | H8: 226.37215 | I8: 257.0196 | J8: 0 | K8: 757.49732 | L8: 0 | M8: 137.03259 | N8: 29.895862 | O8: 406.00458 | P8: 284.72587 | Q8: 222.46612 | R8: 345.81406 | S8: 390.78699 | T8: 0 | U8: 219.48986 | V8: 0 | W8: 0 | X8: 104.2969 | Y8: 958.82524 | Z8: 0 | AA8: 0 | AB8: 0 | AC8: 0 | AD8: 580.56213 | AE8: 0 | AF8: 0 | AG8: 0 | AH8: 0 | AI8: 1021.5825 | AJ8: 0 | AK8: 1041.3562 | AL8: 168.6602 | AM8: 0 | AN8: 0 | AO8: 0 | AQ8: 388.69041 | AR8: #N/A | AS8: 0 | AT8: #N/A | AU8: 168.85439 | AV8: 0 | AW8: 235.805 | AX8: 0 | AY8: 159.19487 | AZ8: 0 | BA8: 6.1785503 | BB8: 2.161762 | BC8: 0 | BD8: 711.25833 | BE8: 0 | BF8: 0
B9: =+B8+1 -> 46269 | C9: =+TEXT(B9,"ddd") -> vie | D9: 1333.9449 | E9: 0 | F9: 399.63866 | G9: 47.00766 | H9: 203.06747 | I9: 222.34789 | J9: 0 | K9: 738.3062 | L9: 0 | M9: 136.59751 | N9: 30.281615 | O9: 364.74602 | P9: 265.71103 | Q9: 239.05859 | R9: 313.25352 | S9: 370.91061 | T9: 0 | U9: 194.16411 | V9: 0 | W9: 0 | X9: 92.382731 | Y9: 885.95044 | Z9: 0 | AA9: 0 | AB9: 0 | AC9: 0 | AD9: 595.17889 | AE9: 0 | AF9: 0 | AG9: 0 | AH9: 0 | AI9: 961.26438 | AJ9: 0 | AK9: 942.58999 | AL9: 160.48635 | AM9: 0 | AN9: 0 | AO9: 0 | AQ9: 375.47796 | AR9: #N/A | AS9: 0 | AT9: #N/A | AU9: 168.56718 | AV9: 0 | AW9: 243.46532 | AX9: 0 | AY9: 152.18814 | AZ9: 0 | BA9: 6.3332415 | BB9: 2.2319886 | BC9: 0 | BD9: 702.55687 | BE9: 0 | BF9: 0
B10: =+B9+1 -> 46270 | C10: =+TEXT(B10,"ddd") -> sáb | D10: 940.50656 | E10: 0 | F10: 263.68574 | G10: 29.71467 | H10: 147.68543 | I10: 173.73083 | J10: 0 | K10: 544.22946 | L10: 0 | M10: 111.87077 | N10: 23.047771 | O10: 185.94138 | P10: 207.27722 | Q10: 127.1104 | R10: 73.801881 | S10: 167.97477 | T10: 0 | U10: 122.22861 | V10: 0 | W10: 0 | X10: 21.104908 | Y10: 319.54007 | Z10: 0 | AA10: 0 | AB10: 0 | AC10: 0 | AD10: 538.18217 | AE10: 0 | AF10: 0 | AG10: 0 | AH10: 0 | AI10: 661.86261 | AJ10: 0 | AK10: 724.876 | AL10: 117.60598 | AM10: 0 | AN10: 0 | AO10: 0 | AQ10: 360.76044 | AR10: #N/A | AS10: 0 | AT10: #N/A | AU10: 163.29327 | AV10: 0 | AW10: 238.16623 | AX10: 0 | AY10: 138.65241 | AZ10: 0 | BA10: 6.1176775 | BB10: 2.1834088 | BC10: 0 | BD10: 672.81969 | BE10: 0 | BF10: 0
B11: =+B10+1 -> 46271 | C11: =+TEXT(B11,"ddd") -> dom | D11: 742.14172 | E11: 0 | F11: 201.03072 | G11: 26.536789 | H11: 131.38679 | I11: 172.38895 | J11: 0 | K11: 542.79495 | L11: 0 | M11: 104.45012 | N11: 20.416593 | O11: 163.05318 | P11: 181.37308 | Q11: 116.58237 | R11: 47.474322 | S11: 89.511252 | T11: 0 | U11: 127.45438 | V11: 0 | W11: 0 | X11: 14.33176 | Y11: 199.30638 | Z11: 0 | AA11: 0 | AB11: 0 | AC11: 0 | AD11: 531.96959 | AE11: 0 | AF11: 0 | AG11: 0 | AH11: 0 | AI11: 617.80965 | AJ11: 0 | AK11: 680.43011 | AL11: 95.795047 | AM11: 0 | AN11: 0 | AO11: 0 | AQ11: 383.26308 | AR11: #N/A | AS11: 0 | AT11: #N/A | AU11: 127.67839 | AV11: 0 | AW11: 216.50233 | AX11: 0 | AY11: 176.17271 | AZ11: 0 | BA11: 5.9038538 | BB11: 1.9848031 | BC11: 0 | BD11: 580.64081 | BE11: 0 | BF11: 0
B12: =+B11+1 -> 46272 | C12: =+TEXT(B12,"ddd") -> lun | D12: 1366.747 | E12: 0 | F12: 438.96467 | G12: 51.347528 | H12: 237.52059 | I12: 278.78595 | J12: 0 | K12: 782.55313 | L12: 0 | M12: 150.85166 | N12: 31.50175 | O12: 392.58564 | P12: 282.6303 | Q12: 291.03408 | R12: 326.43764 | S12: 361.72461 | T12: 0 | U12: 210.45333 | V12: 0 | W12: 0 | X12: 105.6847 | Y12: 917.70849 | Z12: 0 | AA12: 0 | AB12: 0 | AC12: 0 | AD12: 648.43976 | AE12: 0 | AF12: 0 | AG12: 0 | AH12: 0 | AI12: 1045.5086 | AJ12: 0 | AK12: 1051.1014 | AL12: 164.32568 | AM12: 0 | AN12: 0 | AO12: 0 | AQ12: 307.32966 | AR12: #N/A | AS12: 0 | AT12: #N/A | AU12: 127.61958 | AV12: 0 | AW12: 174.00212 | AX12: 0 | AY12: 136.16198 | AZ12: 0 | BA12: 4.9400884 | BB12: 1.5951789 | BC12: 0 | BD12: 564.86901 | BE12: 0 | BF12: 0
B13: =+B12+1 -> 46273 | C13: =+TEXT(B13,"ddd") -> mar | D13: 1326.1169 | E13: 0 | F13: 435.74867 | G13: 51.292484 | H13: 241.29893 | I13: 265.13692 | J13: 0 | K13: 774.28396 | L13: 0 | M13: 143.32857 | N13: 28.266234 | O13: 404.73392 | P13: 282.73225 | Q13: 238.78209 | R13: 324.63232 | S13: 376.25789 | T13: 0 | U13: 218.43555 | V13: 0 | W13: 0 | X13: 101.14231 | Y13: 923.89807 | Z13: 0 | AA13: 0 | AB13: 0 | AC13: 0 | AD13: 610.67532 | AE13: 0 | AF13: 0 | AG13: 0 | AH13: 0 | AI13: 1003.8607 | AJ13: 0 | AK13: 1032.3323 | AL13: 165.21394 | AM13: 0 | AN13: 0 | AO13: 0 | AQ13: 252.8885 | AR13: #N/A | AS13: 0 | AT13: #N/A | AU13: 38.977178 | AV13: 0 | AW13: 111.16014 | AX13: 0 | AY13: 116.10334 | AZ13: 0 | BA13: 2.4425975 | BB13: 1.0190699 | BC13: 0 | BD13: 423.94809 | BE13: 0 | BF13: 0
B14: =+B13+1 -> 46274 | C14: =+TEXT(B14,"ddd") -> mié | D14: 1292.026 | E14: 0 | F14: 417.40714 | G14: 47.938545 | H14: 227.13854 | I14: 255.7435 | J14: 0 | K14: 743.12566 | L14: 0 | M14: 129.39824 | N14: 27.749765 | O14: 404.79475 | P14: 270.77399 | Q14: 240.03563 | R14: 313.4659 | S14: 368.67365 | T14: 0 | U14: 222.3835 | V14: 0 | W14: 0 | X14: 101.46753 | Y14: 911.64898 | Z14: 0 | AA14: 0 | AB14: 0 | AC14: 0 | AD14: 572.16104 | AE14: 0 | AF14: 0 | AG14: 0 | AH14: 0 | AI14: 1004.0189 | AJ14: 0 | AK14: 1001.0281 | AL14: 162.70159 | AM14: 0 | AN14: 0 | AO14: 0 | AQ14: 197.60881 | AR14: #N/A | AS14: 0 | AT14: #N/A | AU14: 28.542873 | AV14: 0 | AW14: 61.744992 | AX14: 0 | AY14: 108.33483 | AZ14: 0 | BA14: 2.1348717 | BB14: 0.56605236 | BC14: 0 | BD14: 327.36425 | BE14: 0 | BF14: 0
B15: =+B14+1 -> 46275 | C15: =+TEXT(B15,"ddd") -> jue | D15: 1299.8772 | E15: 0 | F15: 405.10523 | G15: 46.142773 | H15: 216.6369 | I15: 244.51756 | J15: 0 | K15: 732.04316 | L15: 0 | M15: 131.57047 | N15: 28.696013 | O15: 387.9262 | P15: 275.5622 | Q15: 204.14774 | R15: 315.55015 | S15: 372.82715 | T15: 0 | U15: 212.3396 | V15: 0 | W15: 0 | X15: 97.372346 | Y15: 903.29955 | Z15: 0 | AA15: 0 | AB15: 0 | AC15: 0 | AD15: 561.9065 | AE15: 0 | AF15: 0 | AG15: 0 | AH15: 0 | AI15: 980.27875 | AJ15: 0 | AK15: 1003.652 | AL15: 163.33064 | AM15: 0 | AN15: 0 | AO15: 0 | AQ15: 369.73966 | AR15: #N/A | AS15: 0 | AT15: #N/A | AU15: 152.83881 | AV15: 0 | AW15: 212.26807 | AX15: 0 | AY15: 158.62321 | AZ15: 0 | BA15: 5.903687 | BB15: 1.9459852 | BC15: 0 | BD15: 661.86689 | BE15: 0 | BF15: 0
B16: =+B15+1 -> 46276 | C16: =+TEXT(B16,"ddd") -> vie | D16: 1283.3745 | E16: 0 | F16: 381.33828 | G16: 44.740362 | H16: 194.33445 | I16: 211.53237 | J16: 0 | K16: 713.49692 | L16: 0 | M16: 131.15273 | N16: 29.066284 | O16: 348.50478 | P16: 257.15934 | Q16: 219.37394 | R16: 294.06618 | S16: 353.86426 | T16: 0 | U16: 187.83888 | V16: 0 | W16: 0 | X16: 86.249188 | Y16: 834.64493 | Z16: 0 | AA16: 0 | AB16: 0 | AC16: 0 | AD16: 576.05357 | AE16: 0 | AF16: 0 | AG16: 0 | AH16: 0 | AI16: 922.3994 | AJ16: 0 | AK16: 908.46179 | AL16: 155.41508 | AM16: 0 | AN16: 0 | AO16: 0 | AQ16: 357.17139 | AR16: #N/A | AS16: 0 | AT16: #N/A | AU16: 152.57884 | AV16: 0 | AW16: 219.16377 | AX16: 0 | AY16: 151.64164 | AZ16: 0 | BA16: 6.0514965 | BB16: 2.0092022 | BC16: 0 | BD16: 653.76969 | BE16: 0 | BF16: 0
B17: =+B16+1 -> 46277 | C17: =+TEXT(B17,"ddd") -> sáb | D17: 904.85155 | E17: 0 | F17: 251.61095 | G17: 28.281456 | H17: 141.33415 | I17: 165.28016 | J17: 0 | K17: 525.94173 | L17: 0 | M17: 107.41159 | N17: 22.122766 | O17: 177.66187 | P17: 200.60617 | Q17: 116.64382 | R17: 69.281382 | S17: 160.25496 | T17: 0 | U17: 118.24681 | V17: 0 | W17: 0 | X17: 19.703695 | Y17: 301.03546 | Z17: 0 | AA17: 0 | AB17: 0 | AC17: 0 | AD17: 520.88838 | AE17: 0 | AF17: 0 | AG17: 0 | AH17: 0 | AI17: 635.10278 | AJ17: 0 | AK17: 698.63053 | AL17: 113.8897 | AM17: 0 | AN17: 0 | AO17: 0 | AQ17: 343.17143 | AR17: #N/A | AS17: 0 | AT17: #N/A | AU17: 147.80514 | AV17: 0 | AW17: 214.39361 | AX17: 0 | AY17: 138.15452 | AZ17: 0 | BA17: 5.8455222 | BB17: 1.9654713 | BC17: 0 | BD17: 626.09753 | BE17: 0 | BF17: 0
B18: =+B17+1 -> 46278 | C18: =+TEXT(B18,"ddd") -> dom | D18: 714.00681 | E18: 0 | F18: 191.82506 | G18: 25.256853 | H18: 125.73644 | I18: 164.00355 | J18: 0 | K18: 524.55542 | L18: 0 | M18: 100.28674 | N18: 19.597188 | O18: 155.79283 | P18: 175.53574 | Q18: 106.9827 | R18: 44.566434 | S18: 85.397484 | T18: 0 | U18: 123.30234 | V18: 0 | W18: 0 | X18: 13.380235 | Y18: 187.76452 | Z18: 0 | AA18: 0 | AB18: 0 | AC18: 0 | AD18: 514.87542 | AE18: 0 | AF18: 0 | AG18: 0 | AH18: 0 | AI18: 592.83092 | AJ18: 0 | AK18: 655.79389 | AL18: 92.767983 | AM18: 0 | AN18: 0 | AO18: 0 | AQ18: 345.40174 | AR18: #N/A | AS18: 0 | AT18: #N/A | AU18: 149.62171 | AV18: 0 | AW18: 225.09791 | AX18: 0 | AY18: 141.79787 | AZ18: 0 | BA18: 5.618804 | BB18: 2.0636039 | BC18: 0 | BD18: 624.19358 | BE18: 0 | BF18: 0
... B35: =+B34+1 -> 46295 | C35: =+TEXT(B35,"ddd") -> mié | D35: 1325.1333 | E35: 0 | F35: 406.70788 | G35: 46.799267 | H35: 222.32586 | I35: 252.97188 | J35: 0 | K35: 773.50941 | L35: 0 | M35: 136.24775 | N35: 29.488054 | O35: 381.85823 | P35: 282.06415 | Q35: 220.43878 | R35: 276.57201 | S35: 345.46826 | T35: 0 | U35: 220.24174 | V35: 0 | W35: 0 | X35: 86.230826 | Y35: 823.1562 | Z35: 0 | AA35: 0 | AB35: 0 | AC35: 0 | AD35: 624.56442 | AE35: 0 | AF35: 0 | AG35: 0 | AH35: 0 | AI35: 1015.0712 | AJ35: 0 | AK35: 1028.7886 | AL35: 167.91512 | AM35: 0 | AN35: 0 | AO35: 0 | AQ35: 194.20115 | AR35: #N/A | AS35: 0 | AT35: #N/A | AU35: 26.69081 | AV35: 0 | AW35: 57.423392 | AX35: 0 | AY35: 111.50034 | AZ35: 0 | BA35: 2.1075727 | BB35: 0.52643374 | BC35: 0 | BD35: 314.7447 | BE35: 0 | BF35: 0

Sheet Daily AHT Distribution
B4: TOTAL | D4: =+IFERROR(SUMPRODUCT(D$6:D$35,'Daily Traffic Distribution'!D6:D35)/SUM('Daily Traffic Distribution'!D6:D35),"") -> 860 | E4: =+IFERROR(SUMPRODUCT(E$6:E$35,'Daily Traffic Distribution'!E6:E35)/SUM('Daily Traffic Distribution'!E6:E35),"") | F4: =+IFERROR(SUMPRODUCT(F$6:F$35,'Daily Traffic Distribution'!F6:F35)/SUM('Daily Traffic Distribution'!F6:F35),"") -> 646 | G4: =+IFERROR(SUMPRODUCT(G$6:G$35,'Daily Traffic Distribution'!G6:G35)/SUM('Daily Traffic Distribution'!G6:G35),"") -> 581.99416 | H4: =+IFERROR(SUMPRODUCT(H$6:H$35,'Daily Traffic Distribution'!H6:H35)/SUM('Daily Traffic Distribution'!H6:H35),"") -> 1272.05 | I4: =+IFERROR(SUMPRODUCT(I$6:I$35,'Daily Traffic Distribution'!I6:I35)/SUM('Daily Traffic Distribution'!I6:I35),"") -> 1102.6519 | J4: =+IFERROR(SUMPRODUCT(J$6:J$35,'Daily Traffic Distribution'!J6:J35)/SUM('Daily Traffic Distribution'!J6:J35),"") | K4: =+IFERROR(SUMPRODUCT(K$6:K$35,'Daily Traffic Distribution'!K6:K35)/SUM('Daily Traffic Distribution'!K6:K35),"") -> 900 | ... AO4: =+IFERROR(SUMPRODUCT(AO$6:AO$35,'Daily Traffic Distribution'!AO6:AO35)/SUM('Daily Traffic Distribution'!AO6:AO35),"")
B5: Date | C5: Day | D5: =+'Daily Traffic Distribution'!D5 -> LUA AMC | E5: =+'Daily Traffic Distribution'!E5 -> CHAT LUA AMC | F5: =+'Daily Traffic Distribution'!F5 -> DREAM TEAMS VOZ | G5: =+'Daily Traffic Distribution'!G5 -> DREAM TEAMS ENG | H5: =+'Daily Traffic Distribution'!H5 -> DREAM TEAMS WA | I5: =+'Daily Traffic Distribution'!I5 -> CHAT DREAM TEAMS ES | J5: =+'Daily Traffic Distribution'!J5 -> CHAT DREAM TEAMS ENG | K5: =+'Daily Traffic Distribution'!K5 -> LUA AMC ING | ... AO5: =+'Daily Traffic Distribution'!AO5 -> RRSS POR AMC | AQ5: =+'Daily Traffic Distribution'!AQ5 -> BO LUA AMC | AR5: =+'Daily Traffic Distribution'!AR5 -> BO RECLAMOS AMC | AS5: =+'Daily Traffic Distribution'!AS5 -> BO LUA AMC ING | AT5: =+'Daily Traffic Distribution'!AT5 -> BO RECLAMOS AMC ING | AU5: =+'Daily Traffic Distribution'!AU5 -> BO_CORPORATE | AV5: =+'Daily Traffic Distribution'!AV5 -> BO AG PT | AW5: =+'Daily Traffic Distribution'!AW5 -> BO AGENCIAS TARGET | AX5: =+'Daily Traffic Distribution'!AX5 -> BO AGENCIAS TARGET ENG | ... BE5: =+'Daily Traffic Distribution'!BE5 -> DREAM TEAMS CASOS EN | BG5: =+D5 -> LUA AMC | BH5: =+E5 -> CHAT LUA AMC | BI5: =+F5 -> DREAM TEAMS VOZ | BJ5: =+G5 -> DREAM TEAMS ENG | BK5: =+H5 -> DREAM TEAMS WA | BL5: =+I5 -> CHAT DREAM TEAMS ES | BM5: =+J5 -> CHAT DREAM TEAMS ENG | BN5: =+K5 -> LUA AMC ING | ... CR5: =+AO5 -> RRSS POR AMC
B6: =+'Daily Traffic Distribution'!B6 -> 46266 | C6: =+'Daily Traffic Distribution'!C6 -> mar | D6: 860 | E6: 0 | F6: 646 | G6: 581.99416 | H6: 1272.05 | I6: 1102.6519 | J6: 0 | K6: 900 | L6: 0 | M6: 500 | N6: 491.207 | O6: 780 | P6: 1700 | Q6: 1411.8916 | R6: 816.56908 | S6: 879.57692 | T6: 879.57692 | U6: 637.22054 | V6: 637.22054 | W6: 0 | X6: 1859.15 | Y6: 1222.5756 | Z6: 1222.5756 | AA6: 0 | AB6: 0 | AC6: 0 | AD6: 1231 | AE6: 0 | AF6: 0 | AG6: 0 | AH6: 0 | AI6: 708.98759 | AJ6: 0 | AK6: 1600 | AL6: 311 | AM6: 0 | AN6: 0 | AO6: 0 | AQ6: 1006 | AR6: 2375 | AS6: 2076 | AT6: 2700 | AU6: 735 | AV6: 1143 | AW6: 735 | AX6: 1143 | AY6: 1715 | AZ6: 1350 | BA6: 735 | BB6: 1200 | BC6: 1663 | BD6: 1150 | BE6: 1150 | BG6: 46054LUA AMC | BH6: 46054CHAT LUA AMC | BI6: 46054DREAM TEAMS VOZ | BJ6: 46054DREAM TEAMS ENG | BK6: 46054DREAM TEAMS WA | BL6: 46054CHAT DREAM TEAMS ES | BM6: 46054CHAT DREAM TEAMS ENG | BN6: 46054LUA AMC ING | BO6: 46054CHAT LUA AMC ING | BP6: 46054Equipajes AMC | BQ6: 46054Equipajes AMC ING | BR6: 46054Ventas AMC | BS6: 46054WPP Ventas AMC | BT6: 46054CHAT Ventas AMC | BU6: 46054CORPORATE PYME | BV6: 46054AGENCIAS TARGET ES | BW6: 46054AGENCIAS NDC ES | BX6: 46054AGENCIAS TARGET ENG | BY6: 46054AGENCIAS NDC ENG | BZ6: 46054AGENCIAS PORTUGUES | CA6: 46054AGENCIAS CHAT CORPORATE | CB6: 46054CHAT AGENCIAS ESP | CC6: 46054CHAT AGENCIAS NDC ESP | CD6: 46054CHAT AGENCIAS ENG | CE6: 46054CHAT AGENCIAS NDC ENG | CF6: 46054AGENCIAS CHAT PORTUGUES | CG6: 46054WPP EQUIPAJES AMC | CH6: 46054WPP EQUIPAJES AMC ING | CI6: 46054RRSS AMC | CJ6: 46054RRSS AMC ING | CK6: 46054TRAVEL SSC | CL6: 46054HVC AMC | CM6: 46054CHAT HVC AMC | CN6: 46054WPP LUA AMC | CO6: 46054Soporte LUA AMC | CP6: 46054CHAT HVC POR AMC | CQ6: 46054WPP HVC POR AMC | CR6: 46054RRSS POR AMC
B7: =+'Daily Traffic Distribution'!B7 -> 46267 | C7: =+'Daily Traffic Distribution'!C7 -> mié | D7: 860 | E7: 0 | F7: 646 | G7: 581.99416 | H7: 1272.05 | I7: 1102.6519 | J7: 0 | K7: 900 | L7: 0 | M7: 500 | N7: 491.207 | O7: 780 | P7: 1700 | Q7: 1411.8916 | R7: 816.56908 | S7: 879.57692 | T7: 879.57692 | U7: 637.22054 | V7: 637.22054 | W7: 0 | X7: 1859.15 | Y7: 1222.5756 | Z7: 1222.5756 | AA7: 0 | AB7: 0 | AC7: 0 | AD7: 1231 | AE7: 0 | AF7: 0 | AG7: 0 | AH7: 0 | AI7: 708.98759 | AJ7: 0 | AK7: 1600 | AL7: 311 | AM7: 0 | AN7: 0 | AO7: 0 | AQ7: 1006 | AR7: 2375 | AS7: 2076 | AT7: 2700 | AU7: 735 | AV7: 1143 | AW7: 735 | AX7: 1143 | AY7: 1715 | AZ7: 1350 | BA7: 735 | BB7: 1200 | BC7: 1663 | BD7: 1150 | BE7: 1150 | BG7: 46055LUA AMC | BH7: 46055CHAT LUA AMC | BI7: 46055DREAM TEAMS VOZ | BJ7: 46055DREAM TEAMS ENG | BK7: 46055DREAM TEAMS WA | BL7: 46055CHAT DREAM TEAMS ES | BM7: 46055CHAT DREAM TEAMS ENG | BN7: 46055LUA AMC ING | BO7: 46055CHAT LUA AMC ING | BP7: 46055Equipajes AMC | BQ7: 46055Equipajes AMC ING | BR7: 46055Ventas AMC | BS7: 46055WPP Ventas AMC | BT7: 46055CHAT Ventas AMC | BU7: 46055CORPORATE PYME | BV7: 46055AGENCIAS TARGET ES | BW7: 46055AGENCIAS NDC ES | BX7: 46055AGENCIAS TARGET ENG | BY7: 46055AGENCIAS NDC ENG | BZ7: 46055AGENCIAS PORTUGUES | CA7: 46055AGENCIAS CHAT CORPORATE | CB7: 46055CHAT AGENCIAS ESP | CC7: 46055CHAT AGENCIAS NDC ESP | CD7: 46055CHAT AGENCIAS ENG | CE7: 46055CHAT AGENCIAS NDC ENG | CF7: 46055AGENCIAS CHAT PORTUGUES | CG7: 46055WPP EQUIPAJES AMC | CH7: 46055WPP EQUIPAJES AMC ING | CI7: 46055RRSS AMC | CJ7: 46055RRSS AMC ING | CK7: 46055TRAVEL SSC | CL7: 46055HVC AMC | CM7: 46055CHAT HVC AMC | CN7: 46055WPP LUA AMC | CO7: 46055Soporte LUA AMC | CP7: 46055CHAT HVC POR AMC | CQ7: 46055WPP HVC POR AMC | CR7: 46055RRSS POR AMC
B8: =+'Daily Traffic Distribution'!B8 -> 46268 | C8: =+'Daily Traffic Distribution'!C8 -> jue | D8: 860 | E8: 0 | F8: 646 | G8: 581.99416 | H8: 1272.05 | I8: 1102.6519 | J8: 0 | K8: 900 | L8: 0 | M8: 500 | N8: 491.207 | O8: 780 | P8: 1700 | Q8: 1411.8916 | R8: 816.56908 | S8: 879.57692 | T8: 879.57692 | U8: 637.22054 | V8: 637.22054 | W8: 0 | X8: 1859.15 | Y8: 1222.5756 | Z8: 1222.5756 | AA8: 0 | AB8: 0 | AC8: 0 | AD8: 1231 | AE8: 0 | AF8: 0 | AG8: 0 | AH8: 0 | AI8: 708.98759 | AJ8: 0 | AK8: 1600 | AL8: 311 | AM8: 0 | AN8: 0 | AO8: 0 | AQ8: 1006 | AR8: 2375 | AS8: 2076 | AT8: 2700 | AU8: 735 | AV8: 1143 | AW8: 735 | AX8: 1143 | AY8: 1715 | AZ8: 1350 | BA8: 735 | BB8: 1200 | BC8: 1663 | BD8: 1150 | BE8: 1150 | BG8: 46056LUA AMC | BH8: 46056CHAT LUA AMC | BI8: 46056DREAM TEAMS VOZ | BJ8: 46056DREAM TEAMS ENG | BK8: 46056DREAM TEAMS WA | BL8: 46056CHAT DREAM TEAMS ES | BM8: 46056CHAT DREAM TEAMS ENG | BN8: 46056LUA AMC ING | BO8: 46056CHAT LUA AMC ING | BP8: 46056Equipajes AMC | BQ8: 46056Equipajes AMC ING | BR8: 46056Ventas AMC | BS8: 46056WPP Ventas AMC | BT8: 46056CHAT Ventas AMC | BU8: 46056CORPORATE PYME | BV8: 46056AGENCIAS TARGET ES | BW8: 46056AGENCIAS NDC ES | BX8: 46056AGENCIAS TARGET ENG | BY8: 46056AGENCIAS NDC ENG | BZ8: 46056AGENCIAS PORTUGUES | CA8: 46056AGENCIAS CHAT CORPORATE | CB8: 46056CHAT AGENCIAS ESP | CC8: 46056CHAT AGENCIAS NDC ESP | CD8: 46056CHAT AGENCIAS ENG | CE8: 46056CHAT AGENCIAS NDC ENG | CF8: 46056AGENCIAS CHAT PORTUGUES | CG8: 46056WPP EQUIPAJES AMC | CH8: 46056WPP EQUIPAJES AMC ING | CI8: 46056RRSS AMC | CJ8: 46056RRSS AMC ING | CK8: 46056TRAVEL SSC | CL8: 46056HVC AMC | CM8: 46056CHAT HVC AMC | CN8: 46056WPP LUA AMC | CO8: 46056Soporte LUA AMC | CP8: 46056CHAT HVC POR AMC | CQ8: 46056WPP HVC POR AMC | CR8: 46056RRSS POR AMC
B9: =+'Daily Traffic Distribution'!B9 -> 46269 | C9: =+'Daily Traffic Distribution'!C9 -> vie | D9: 860 | E9: 0 | F9: 646 | G9: 581.99416 | H9: 1272.05 | I9: 1102.6519 | J9: 0 | K9: 900 | L9: 0 | M9: 500 | N9: 491.207 | O9: 780 | P9: 1700 | Q9: 1411.8916 | R9: 816.56908 | S9: 879.57692 | T9: 879.57692 | U9: 637.22054 | V9: 637.22054 | W9: 0 | X9: 1859.15 | Y9: 1222.5756 | Z9: 1222.5756 | AA9: 0 | AB9: 0 | AC9: 0 | AD9: 1231 | AE9: 0 | AF9: 0 | AG9: 0 | AH9: 0 | AI9: 708.98759 | AJ9: 0 | AK9: 1600 | AL9: 311 | AM9: 0 | AN9: 0 | AO9: 0 | AQ9: 1006 | AR9: 2375 | AS9: 2076 | AT9: 2700 | AU9: 735 | AV9: 1143 | AW9: 735 | AX9: 1143 | AY9: 1715 | AZ9: 1350 | BA9: 735 | BB9: 1200 | BC9: 1663 | BD9: 1150 | BE9: 1150 | BG9: 46057LUA AMC | BH9: 46057CHAT LUA AMC | BI9: 46057DREAM TEAMS VOZ | BJ9: 46057DREAM TEAMS ENG | BK9: 46057DREAM TEAMS WA | BL9: 46057CHAT DREAM TEAMS ES | BM9: 46057CHAT DREAM TEAMS ENG | BN9: 46057LUA AMC ING | BO9: 46057CHAT LUA AMC ING | BP9: 46057Equipajes AMC | BQ9: 46057Equipajes AMC ING | BR9: 46057Ventas AMC | BS9: 46057WPP Ventas AMC | BT9: 46057CHAT Ventas AMC | BU9: 46057CORPORATE PYME | BV9: 46057AGENCIAS TARGET ES | BW9: 46057AGENCIAS NDC ES | BX9: 46057AGENCIAS TARGET ENG | BY9: 46057AGENCIAS NDC ENG | BZ9: 46057AGENCIAS PORTUGUES | CA9: 46057AGENCIAS CHAT CORPORATE | CB9: 46057CHAT AGENCIAS ESP | CC9: 46057CHAT AGENCIAS NDC ESP | CD9: 46057CHAT AGENCIAS ENG | CE9: 46057CHAT AGENCIAS NDC ENG | CF9: 46057AGENCIAS CHAT PORTUGUES | CG9: 46057WPP EQUIPAJES AMC | CH9: 46057WPP EQUIPAJES AMC ING | CI9: 46057RRSS AMC | CJ9: 46057RRSS AMC ING | CK9: 46057TRAVEL SSC | CL9: 46057HVC AMC | CM9: 46057CHAT HVC AMC | CN9: 46057WPP LUA AMC | CO9: 46057Soporte LUA AMC | CP9: 46057CHAT HVC POR AMC | CQ9: 46057WPP HVC POR AMC | CR9: 46057RRSS POR AMC
B10: =+'Daily Traffic Distribution'!B10 -> 46270 | C10: =+'Daily Traffic Distribution'!C10 -> sáb | D10: 860 | E10: 0 | F10: 646 | G10: 581.99416 | H10: 1272.05 | I10: 1102.6519 | J10: 0 | K10: 900 | L10: 0 | M10: 500 | N10: 491.207 | O10: 780 | P10: 1700 | Q10: 1411.8916 | R10: 816.56908 | S10: 879.57692 | T10: 879.57692 | U10: 637.22054 | V10: 637.22054 | W10: 0 | X10: 1859.15 | Y10: 1222.5756 | Z10: 1222.5756 | AA10: 0 | AB10: 0 | AC10: 0 | AD10: 1231 | AE10: 0 | AF10: 0 | AG10: 0 | AH10: 0 | AI10: 708.98759 | AJ10: 0 | AK10: 1600 | AL10: 311 | AM10: 0 | AN10: 0 | AO10: 0 | AQ10: 1006 | AR10: 2375 | AS10: 2076 | AT10: 2700 | AU10: 735 | AV10: 1143 | AW10: 735 | AX10: 1143 | AY10: 1715 | AZ10: 1350 | BA10: 735 | BB10: 1200 | BC10: 1663 | BD10: 1150 | BE10: 1150 | BG10: 46058LUA AMC | BH10: 46058CHAT LUA AMC | BI10: 46058DREAM TEAMS VOZ | BJ10: 46058DREAM TEAMS ENG | BK10: 46058DREAM TEAMS WA | BL10: 46058CHAT DREAM TEAMS ES | BM10: 46058CHAT DREAM TEAMS ENG | BN10: 46058LUA AMC ING | BO10: 46058CHAT LUA AMC ING | BP10: 46058Equipajes AMC | BQ10: 46058Equipajes AMC ING | BR10: 46058Ventas AMC | BS10: 46058WPP Ventas AMC | BT10: 46058CHAT Ventas AMC | BU10: 46058CORPORATE PYME | BV10: 46058AGENCIAS TARGET ES | BW10: 46058AGENCIAS NDC ES | BX10: 46058AGENCIAS TARGET ENG | BY10: 46058AGENCIAS NDC ENG | BZ10: 46058AGENCIAS PORTUGUES | CA10: 46058AGENCIAS CHAT CORPORATE | CB10: 46058CHAT AGENCIAS ESP | CC10: 46058CHAT AGENCIAS NDC ESP | CD10: 46058CHAT AGENCIAS ENG | CE10: 46058CHAT AGENCIAS NDC ENG | CF10: 46058AGENCIAS CHAT PORTUGUES | CG10: 46058WPP EQUIPAJES AMC | CH10: 46058WPP EQUIPAJES AMC ING | CI10: 46058RRSS AMC | CJ10: 46058RRSS AMC ING | CK10: 46058TRAVEL SSC | CL10: 46058HVC AMC | CM10: 46058CHAT HVC AMC | CN10: 46058WPP LUA AMC | CO10: 46058Soporte LUA AMC | CP10: 46058CHAT HVC POR AMC | CQ10: 46058WPP HVC POR AMC | CR10: 46058RRSS POR AMC
B11: =+'Daily Traffic Distribution'!B11 -> 46271 | C11: =+'Daily Traffic Distribution'!C11 -> dom | D11: 860 | E11: 0 | F11: 646 | G11: 581.99416 | H11: 1272.05 | I11: 1102.6519 | J11: 0 | K11: 900 | L11: 0 | M11: 500 | N11: 491.207 | O11: 780 | P11: 1700 | Q11: 1411.8916 | R11: 816.56908 | S11: 879.57692 | T11: 879.57692 | U11: 637.22054 | V11: 637.22054 | W11: 0 | X11: 1859.15 | Y11: 1222.5756 | Z11: 1222.5756 | AA11: 0 | AB11: 0 | AC11: 0 | AD11: 1231 | AE11: 0 | AF11: 0 | AG11: 0 | AH11: 0 | AI11: 708.98759 | AJ11: 0 | AK11: 1600 | AL11: 311 | AM11: 0 | AN11: 0 | AO11: 0 | AQ11: 1006 | AR11: 2375 | AS11: 2076 | AT11: 2700 | AU11: 735 | AV11: 1143 | AW11: 735 | AX11: 1143 | AY11: 1715 | AZ11: 1350 | BA11: 735 | BB11: 1200 | BC11: 1663 | BD11: 1150 | BE11: 1150 | BG11: 46059LUA AMC | BH11: 46059CHAT LUA AMC | BI11: 46059DREAM TEAMS VOZ | BJ11: 46059DREAM TEAMS ENG | BK11: 46059DREAM TEAMS WA | BL11: 46059CHAT DREAM TEAMS ES | BM11: 46059CHAT DREAM TEAMS ENG | BN11: 46059LUA AMC ING | BO11: 46059CHAT LUA AMC ING | BP11: 46059Equipajes AMC | BQ11: 46059Equipajes AMC ING | BR11: 46059Ventas AMC | BS11: 46059WPP Ventas AMC | BT11: 46059CHAT Ventas AMC | BU11: 46059CORPORATE PYME | BV11: 46059AGENCIAS TARGET ES | BW11: 46059AGENCIAS NDC ES | BX11: 46059AGENCIAS TARGET ENG | BY11: 46059AGENCIAS NDC ENG | BZ11: 46059AGENCIAS PORTUGUES | CA11: 46059AGENCIAS CHAT CORPORATE | CB11: 46059CHAT AGENCIAS ESP | CC11: 46059CHAT AGENCIAS NDC ESP | CD11: 46059CHAT AGENCIAS ENG | CE11: 46059CHAT AGENCIAS NDC ENG | CF11: 46059AGENCIAS CHAT PORTUGUES | CG11: 46059WPP EQUIPAJES AMC | CH11: 46059WPP EQUIPAJES AMC ING | CI11: 46059RRSS AMC | CJ11: 46059RRSS AMC ING | CK11: 46059TRAVEL SSC | CL11: 46059HVC AMC | CM11: 46059CHAT HVC AMC | CN11: 46059WPP LUA AMC | CO11: 46059Soporte LUA AMC | CP11: 46059CHAT HVC POR AMC | CQ11: 46059WPP HVC POR AMC | CR11: 46059RRSS POR AMC
B12: =+'Daily Traffic Distribution'!B12 -> 46272 | C12: =+'Daily Traffic Distribution'!C12 -> lun | D12: 860 | E12: 0 | F12: 646 | G12: 581.99416 | H12: 1272.05 | I12: 1102.6519 | J12: 0 | K12: 900 | L12: 0 | M12: 500 | N12: 491.207 | O12: 780 | P12: 1700 | Q12: 1411.8916 | R12: 816.56908 | S12: 879.57692 | T12: 879.57692 | U12: 637.22054 | V12: 637.22054 | W12: 0 | X12: 1859.15 | Y12: 1222.5756 | Z12: 1222.5756 | AA12: 0 | AB12: 0 | AC12: 0 | AD12: 1231 | AE12: 0 | AF12: 0 | AG12: 0 | AH12: 0 | AI12: 708.98759 | AJ12: 0 | AK12: 1600 | AL12: 311 | AM12: 0 | AN12: 0 | AO12: 0 | AQ12: 1006 | AR12: 2375 | AS12: 2076 | AT12: 2700 | AU12: 735 | AV12: 1143 | AW12: 735 | AX12: 1143 | AY12: 1715 | AZ12: 1350 | BA12: 735 | BB12: 1200 | BC12: 1663 | BD12: 1150 | BE12: 1150 | BG12: 46060LUA AMC | BH12: 46060CHAT LUA AMC | BI12: 46060DREAM TEAMS VOZ | BJ12: 46060DREAM TEAMS ENG | BK12: 46060DREAM TEAMS WA | BL12: 46060CHAT DREAM TEAMS ES | BM12: 46060CHAT DREAM TEAMS ENG | BN12: 46060LUA AMC ING | BO12: 46060CHAT LUA AMC ING | BP12: 46060Equipajes AMC | BQ12: 46060Equipajes AMC ING | BR12: 46060Ventas AMC | BS12: 46060WPP Ventas AMC | BT12: 46060CHAT Ventas AMC | BU12: 46060CORPORATE PYME | BV12: 46060AGENCIAS TARGET ES | BW12: 46060AGENCIAS NDC ES | BX12: 46060AGENCIAS TARGET ENG | BY12: 46060AGENCIAS NDC ENG | BZ12: 46060AGENCIAS PORTUGUES | CA12: 46060AGENCIAS CHAT CORPORATE | CB12: 46060CHAT AGENCIAS ESP | CC12: 46060CHAT AGENCIAS NDC ESP | CD12: 46060CHAT AGENCIAS ENG | CE12: 46060CHAT AGENCIAS NDC ENG | CF12: 46060AGENCIAS CHAT PORTUGUES | CG12: 46060WPP EQUIPAJES AMC | CH12: 46060WPP EQUIPAJES AMC ING | CI12: 46060RRSS AMC | CJ12: 46060RRSS AMC ING | CK12: 46060TRAVEL SSC | CL12: 46060HVC AMC | CM12: 46060CHAT HVC AMC | CN12: 46060WPP LUA AMC | CO12: 46060Soporte LUA AMC | CP12: 46060CHAT HVC POR AMC | CQ12: 46060WPP HVC POR AMC | CR12: 46060RRSS POR AMC
B13: =+'Daily Traffic Distribution'!B13 -> 46273 | C13: =+'Daily Traffic Distribution'!C13 -> mar | D13: 860 | E13: 0 | F13: 646 | G13: 581.99416 | H13: 1272.05 | I13: 1102.6519 | J13: 0 | K13: 900 | L13: 0 | M13: 500 | N13: 491.207 | O13: 780 | P13: 1700 | Q13: 1411.8916 | R13: 816.56908 | S13: 879.57692 | T13: 879.57692 | U13: 637.22054 | V13: 637.22054 | W13: 0 | X13: 1859.15 | Y13: 1222.5756 | Z13: 1222.5756 | AA13: 0 | AB13: 0 | AC13: 0 | AD13: 1231 | AE13: 0 | AF13: 0 | AG13: 0 | AH13: 0 | AI13: 708.98759 | AJ13: 0 | AK13: 1600 | AL13: 311 | AM13: 0 | AN13: 0 | AO13: 0 | AQ13: 1006 | AR13: 2375 | AS13: 2076 | AT13: 2700 | AU13: 735 | AV13: 1143 | AW13: 735 | AX13: 1143 | AY13: 1715 | AZ13: 1350 | BA13: 735 | BB13: 1200 | BC13: 1663 | BD13: 1150 | BE13: 1150 | BG13: 46061LUA AMC | BH13: 46061CHAT LUA AMC | BI13: 46061DREAM TEAMS VOZ | BJ13: 46061DREAM TEAMS ENG | BK13: 46061DREAM TEAMS WA | BL13: 46061CHAT DREAM TEAMS ES | BM13: 46061CHAT DREAM TEAMS ENG | BN13: 46061LUA AMC ING | BO13: 46061CHAT LUA AMC ING | BP13: 46061Equipajes AMC | BQ13: 46061Equipajes AMC ING | BR13: 46061Ventas AMC | BS13: 46061WPP Ventas AMC | BT13: 46061CHAT Ventas AMC | BU13: 46061CORPORATE PYME | BV13: 46061AGENCIAS TARGET ES | BW13: 46061AGENCIAS NDC ES | BX13: 46061AGENCIAS TARGET ENG | BY13: 46061AGENCIAS NDC ENG | BZ13: 46061AGENCIAS PORTUGUES | CA13: 46061AGENCIAS CHAT CORPORATE | CB13: 46061CHAT AGENCIAS ESP | CC13: 46061CHAT AGENCIAS NDC ESP | CD13: 46061CHAT AGENCIAS ENG | CE13: 46061CHAT AGENCIAS NDC ENG | CF13: 46061AGENCIAS CHAT PORTUGUES | CG13: 46061WPP EQUIPAJES AMC | CH13: 46061WPP EQUIPAJES AMC ING | CI13: 46061RRSS AMC | CJ13: 46061RRSS AMC ING | CK13: 46061TRAVEL SSC | CL13: 46061HVC AMC | CM13: 46061CHAT HVC AMC | CN13: 46061WPP LUA AMC | CO13: 46061Soporte LUA AMC | CP13: 46061CHAT HVC POR AMC | CQ13: 46061WPP HVC POR AMC | CR13: 46061RRSS POR AMC
B14: =+'Daily Traffic Distribution'!B14 -> 46274 | C14: =+'Daily Traffic Distribution'!C14 -> mié | D14: 860 | E14: 0 | F14: 646 | G14: 581.99416 | H14: 1272.05 | I14: 1102.6519 | J14: 0 | K14: 900 | L14: 0 | M14: 500 | N14: 491.207 | O14: 780 | P14: 1700 | Q14: 1411.8916 | R14: 816.56908 | S14: 879.57692 | T14: 879.57692 | U14: 637.22054 | V14: 637.22054 | W14: 0 | X14: 1859.15 | Y14: 1222.5756 | Z14: 1222.5756 | AA14: 0 | AB14: 0 | AC14: 0 | AD14: 1231 | AE14: 0 | AF14: 0 | AG14: 0 | AH14: 0 | AI14: 708.98759 | AJ14: 0 | AK14: 1600 | AL14: 311 | AM14: 0 | AN14: 0 | AO14: 0 | AQ14: 1006 | AR14: 2375 | AS14: 2076 | AT14: 2700 | AU14: 735 | AV14: 1143 | AW14: 735 | AX14: 1143 | AY14: 1715 | AZ14: 1350 | BA14: 735 | BB14: 1200 | BC14: 1663 | BD14: 1150 | BE14: 1150 | BG14: 46062LUA AMC | BH14: 46062CHAT LUA AMC | BI14: 46062DREAM TEAMS VOZ | BJ14: 46062DREAM TEAMS ENG | BK14: 46062DREAM TEAMS WA | BL14: 46062CHAT DREAM TEAMS ES | BM14: 46062CHAT DREAM TEAMS ENG | BN14: 46062LUA AMC ING | BO14: 46062CHAT LUA AMC ING | BP14: 46062Equipajes AMC | BQ14: 46062Equipajes AMC ING | BR14: 46062Ventas AMC | BS14: 46062WPP Ventas AMC | BT14: 46062CHAT Ventas AMC | BU14: 46062CORPORATE PYME | BV14: 46062AGENCIAS TARGET ES | BW14: 46062AGENCIAS NDC ES | BX14: 46062AGENCIAS TARGET ENG | BY14: 46062AGENCIAS NDC ENG | BZ14: 46062AGENCIAS PORTUGUES | CA14: 46062AGENCIAS CHAT CORPORATE | CB14: 46062CHAT AGENCIAS ESP | CC14: 46062CHAT AGENCIAS NDC ESP | CD14: 46062CHAT AGENCIAS ENG | CE14: 46062CHAT AGENCIAS NDC ENG | CF14: 46062AGENCIAS CHAT PORTUGUES | CG14: 46062WPP EQUIPAJES AMC | CH14: 46062WPP EQUIPAJES AMC ING | CI14: 46062RRSS AMC | CJ14: 46062RRSS AMC ING | CK14: 46062TRAVEL SSC | CL14: 46062HVC AMC | CM14: 46062CHAT HVC AMC | CN14: 46062WPP LUA AMC | CO14: 46062Soporte LUA AMC | CP14: 46062CHAT HVC POR AMC | CQ14: 46062WPP HVC POR AMC | CR14: 46062RRSS POR AMC
B15: =+'Daily Traffic Distribution'!B15 -> 46275 | C15: =+'Daily Traffic Distribution'!C15 -> jue | D15: 860 | E15: 0 | F15: 646 | G15: 581.99416 | H15: 1272.05 | I15: 1102.6519 | J15: 0 | K15: 900 | L15: 0 | M15: 500 | N15: 491.207 | O15: 780 | P15: 1700 | Q15: 1411.8916 | R15: 816.56908 | S15: 879.57692 | T15: 879.57692 | U15: 637.22054 | V15: 637.22054 | W15: 0 | X15: 1859.15 | Y15: 1222.5756 | Z15: 1222.5756 | AA15: 0 | AB15: 0 | AC15: 0 | AD15: 1231 | AE15: 0 | AF15: 0 | AG15: 0 | AH15: 0 | AI15: 708.98759 | AJ15: 0 | AK15: 1600 | AL15: 311 | AM15: 0 | AN15: 0 | AO15: 0 | AQ15: 1006 | AR15: 2375 | AS15: 2076 | AT15: 2700 | AU15: 735 | AV15: 1143 | AW15: 735 | AX15: 1143 | AY15: 1715 | AZ15: 1350 | BA15: 735 | BB15: 1200 | BC15: 1663 | BD15: 1150 | BE15: 1150 | BG15: 46063LUA AMC | BH15: 46063CHAT LUA AMC | BI15: 46063DREAM TEAMS VOZ | BJ15: 46063DREAM TEAMS ENG | BK15: 46063DREAM TEAMS WA | BL15: 46063CHAT DREAM TEAMS ES | BM15: 46063CHAT DREAM TEAMS ENG | BN15: 46063LUA AMC ING | BO15: 46063CHAT LUA AMC ING | BP15: 46063Equipajes AMC | BQ15: 46063Equipajes AMC ING | BR15: 46063Ventas AMC | BS15: 46063WPP Ventas AMC | BT15: 46063CHAT Ventas AMC | BU15: 46063CORPORATE PYME | BV15: 46063AGENCIAS TARGET ES | BW15: 46063AGENCIAS NDC ES | BX15: 46063AGENCIAS TARGET ENG | BY15: 46063AGENCIAS NDC ENG | BZ15: 46063AGENCIAS PORTUGUES | CA15: 46063AGENCIAS CHAT CORPORATE | CB15: 46063CHAT AGENCIAS ESP | CC15: 46063CHAT AGENCIAS NDC ESP | CD15: 46063CHAT AGENCIAS ENG | CE15: 46063CHAT AGENCIAS NDC ENG | CF15: 46063AGENCIAS CHAT PORTUGUES | CG15: 46063WPP EQUIPAJES AMC | CH15: 46063WPP EQUIPAJES AMC ING | CI15: 46063RRSS AMC | CJ15: 46063RRSS AMC ING | CK15: 46063TRAVEL SSC | CL15: 46063HVC AMC | CM15: 46063CHAT HVC AMC | CN15: 46063WPP LUA AMC | CO15: 46063Soporte LUA AMC | CP15: 46063CHAT HVC POR AMC | CQ15: 46063WPP HVC POR AMC | CR15: 46063RRSS POR AMC
B16: =+'Daily Traffic Distribution'!B16 -> 46276 | C16: =+'Daily Traffic Distribution'!C16 -> vie | D16: 860 | E16: 0 | F16: 646 | G16: 581.99416 | H16: 1272.05 | I16: 1102.6519 | J16: 0 | K16: 900 | L16: 0 | M16: 500 | N16: 491.207 | O16: 780 | P16: 1700 | Q16: 1411.8916 | R16: 816.56908 | S16: 879.57692 | T16: 879.57692 | U16: 637.22054 | V16: 637.22054 | W16: 0 | X16: 1859.15 | Y16: 1222.5756 | Z16: 1222.5756 | AA16: 0 | AB16: 0 | AC16: 0 | AD16: 1231 | AE16: 0 | AF16: 0 | AG16: 0 | AH16: 0 | AI16: 708.98759 | AJ16: 0 | AK16: 1600 | AL16: 311 | AM16: 0 | AN16: 0 | AO16: 0 | AQ16: 1006 | AR16: 2375 | AS16: 2076 | AT16: 2700 | AU16: 735 | AV16: 1143 | AW16: 735 | AX16: 1143 | AY16: 1715 | AZ16: 1350 | BA16: 735 | BB16: 1200 | BC16: 1663 | BD16: 1150 | BE16: 1150 | BG16: 46064LUA AMC | BH16: 46064CHAT LUA AMC | BI16: 46064DREAM TEAMS VOZ | BJ16: 46064DREAM TEAMS ENG | BK16: 46064DREAM TEAMS WA | BL16: 46064CHAT DREAM TEAMS ES | BM16: 46064CHAT DREAM TEAMS ENG | BN16: 46064LUA AMC ING | BO16: 46064CHAT LUA AMC ING | BP16: 46064Equipajes AMC | BQ16: 46064Equipajes AMC ING | BR16: 46064Ventas AMC | BS16: 46064WPP Ventas AMC | BT16: 46064CHAT Ventas AMC | BU16: 46064CORPORATE PYME | BV16: 46064AGENCIAS TARGET ES | BW16: 46064AGENCIAS NDC ES | BX16: 46064AGENCIAS TARGET ENG | BY16: 46064AGENCIAS NDC ENG | BZ16: 46064AGENCIAS PORTUGUES | CA16: 46064AGENCIAS CHAT CORPORATE | CB16: 46064CHAT AGENCIAS ESP | CC16: 46064CHAT AGENCIAS NDC ESP | CD16: 46064CHAT AGENCIAS ENG | CE16: 46064CHAT AGENCIAS NDC ENG | CF16: 46064AGENCIAS CHAT PORTUGUES | CG16: 46064WPP EQUIPAJES AMC | CH16: 46064WPP EQUIPAJES AMC ING | CI16: 46064RRSS AMC | CJ16: 46064RRSS AMC ING | CK16: 46064TRAVEL SSC | CL16: 46064HVC AMC | CM16: 46064CHAT HVC AMC | CN16: 46064WPP LUA AMC | CO16: 46064Soporte LUA AMC | CP16: 46064CHAT HVC POR AMC | CQ16: 46064WPP HVC POR AMC | CR16: 46064RRSS POR AMC
B17: =+'Daily Traffic Distribution'!B17 -> 46277 | C17: =+'Daily Traffic Distribution'!C17 -> sáb | D17: 860 | E17: 0 | F17: 646 | G17: 581.99416 | H17: 1272.05 | I17: 1102.6519 | J17: 0 | K17: 900 | L17: 0 | M17: 500 | N17: 491.207 | O17: 780 | P17: 1700 | Q17: 1411.8916 | R17: 816.56908 | S17: 879.57692 | T17: 879.57692 | U17: 637.22054 | V17: 637.22054 | W17: 0 | X17: 1859.15 | Y17: 1222.5756 | Z17: 1222.5756 | AA17: 0 | AB17: 0 | AC17: 0 | AD17: 1231 | AE17: 0 | AF17: 0 | AG17: 0 | AH17: 0 | AI17: 708.98759 | AJ17: 0 | AK17: 1600 | AL17: 311 | AM17: 0 | AN17: 0 | AO17: 0 | AQ17: 1006 | AR17: 2375 | AS17: 2076 | AT17: 2700 | AU17: 735 | AV17: 1143 | AW17: 735 | AX17: 1143 | AY17: 1715 | AZ17: 1350 | BA17: 735 | BB17: 1200 | BC17: 1663 | BD17: 1150 | BE17: 1150 | BG17: 46065LUA AMC | BH17: 46065CHAT LUA AMC | BI17: 46065DREAM TEAMS VOZ | BJ17: 46065DREAM TEAMS ENG | BK17: 46065DREAM TEAMS WA | BL17: 46065CHAT DREAM TEAMS ES | BM17: 46065CHAT DREAM TEAMS ENG | BN17: 46065LUA AMC ING | BO17: 46065CHAT LUA AMC ING | BP17: 46065Equipajes AMC | BQ17: 46065Equipajes AMC ING | BR17: 46065Ventas AMC | BS17: 46065WPP Ventas AMC | BT17: 46065CHAT Ventas AMC | BU17: 46065CORPORATE PYME | BV17: 46065AGENCIAS TARGET ES | BW17: 46065AGENCIAS NDC ES | BX17: 46065AGENCIAS TARGET ENG | BY17: 46065AGENCIAS NDC ENG | BZ17: 46065AGENCIAS PORTUGUES | CA17: 46065AGENCIAS CHAT CORPORATE | CB17: 46065CHAT AGENCIAS ESP | CC17: 46065CHAT AGENCIAS NDC ESP | CD17: 46065CHAT AGENCIAS ENG | CE17: 46065CHAT AGENCIAS NDC ENG | CF17: 46065AGENCIAS CHAT PORTUGUES | CG17: 46065WPP EQUIPAJES AMC | CH17: 46065WPP EQUIPAJES AMC ING | CI17: 46065RRSS AMC | CJ17: 46065RRSS AMC ING | CK17: 46065TRAVEL SSC | CL17: 46065HVC AMC | CM17: 46065CHAT HVC AMC | CN17: 46065WPP LUA AMC | CO17: 46065Soporte LUA AMC | CP17: 46065CHAT HVC POR AMC | CQ17: 46065WPP HVC POR AMC | CR17: 46065RRSS POR AMC
... B35: =+'Daily Traffic Distribution'!B35 -> 46295 | C35: =+'Daily Traffic Distribution'!C35 -> mié | D35: 860 | E35: 0 | F35: 646 | G35: 581.99416 | H35: 1272.05 | I35: 1102.6519 | J35: 0 | K35: 900 | L35: 0 | M35: 500 | N35: 491.207 | O35: 780 | P35: 1700 | Q35: 1411.8916 | R35: 816.56908 | S35: 879.57692 | T35: 879.57692 | U35: 637.22054 | V35: 637.22054 | W35: 0 | X35: 1859.15 | Y35: 1222.5756 | Z35: 1222.5756 | AA35: 0 | AB35: 0 | AC35: 0 | AD35: 1231 | AE35: 0 | AF35: 0 | AG35: 0 | AH35: 0 | AI35: 708.98759 | AJ35: 0 | AK35: 1600 | AL35: 311 | AM35: 0 | AN35: 0 | AO35: 0 | AQ35: 1006 | AR35: 2375 | AS35: 2076 | AT35: 2700 | AU35: 735 | AV35: 1143 | AW35: 735 | AX35: 1143 | AY35: 1715 | AZ35: 1350 | BA35: 735 | BB35: 1200 | BC35: 1663 | BD35: 1150 | BE35: 1150 | BG35: 46083LUA AMC | BH35: 46083CHAT LUA AMC | BI35: 46083DREAM TEAMS VOZ | BJ35: 46083DREAM TEAMS ENG | BK35: 46083DREAM TEAMS WA | BL35: 46083CHAT DREAM TEAMS ES | BM35: 46083CHAT DREAM TEAMS ENG | BN35: 46083LUA AMC ING | BO35: 46083CHAT LUA AMC ING | BP35: 46083Equipajes AMC | BQ35: 46083Equipajes AMC ING | BR35: 46083Ventas AMC | BS35: 46083WPP Ventas AMC | BT35: 46083CHAT Ventas AMC | BU35: 46083CORPORATE PYME | BV35: 46083AGENCIAS TARGET ES | BW35: 46083AGENCIAS NDC ES | BX35: 46083AGENCIAS TARGET ENG | BY35: 46083AGENCIAS NDC ENG | BZ35: 46083AGENCIAS PORTUGUES | CA35: 46083AGENCIAS CHAT CORPORATE | CB35: 46083CHAT AGENCIAS ESP | CC35: 46083CHAT AGENCIAS NDC ESP | CD35: 46083CHAT AGENCIAS ENG | CE35: 46083CHAT AGENCIAS NDC ENG | CF35: 46083AGENCIAS CHAT PORTUGUES | CG35: 46083WPP EQUIPAJES AMC | CH35: 46083WPP EQUIPAJES AMC ING | CI35: 46083RRSS AMC | CJ35: 46083RRSS AMC ING | CK35: 46083TRAVEL SSC | CL35: 46083HVC AMC | CM35: 46083CHAT HVC AMC | CN35: 46083WPP LUA AMC | CO35: 46083Soporte LUA AMC | CP35: 46083CHAT HVC POR AMC | CQ35: 46083WPP HVC POR AMC | CR35: 46083RRSS POR AMC
D36: 860 | E36: 0 | F36: 646 | G36: 581.99416 | H36: 1272.05 | I36: 1102.6519 | J36: 0 | K36: 900 | L36: 0 | M36: 500 | N36: 491.207 | O36: 780 | P36: 1700 | Q36: 1411.8916 | R36: 816.56908 | S36: 879.57692 | T36: 879.57692 | U36: 637.22054 | V36: 637.22054 | W36: 0 | X36: 1859.15 | Y36: 1222.5756 | Z36: 1222.5756 | AA36: 0 | AB36: 0 | AC36: 0 | AD36: 1231 | AE36: 0 | AF36: 0 | AG36: 0 | AH36: 0 | AI36: 708.98759 | AJ36: 0 | AK36: 1600 | AL36: 311 | AM36: 0 | AN36: 0 | AO36: 0 | AQ36: 1006 | AR36: 2375 | AS36: 2076 | AT36: 2700 | AU36: 735 | AV36: 1143 | AW36: 735 | AX36: 1143 | AY36: 1715 | AZ36: 1350 | BA36: 735 | BB36: 1200 | BC36: 1663 | BD36: 1150 | BE36: 1150
